00001|廿鬲乇賷 亘賱丕爻鬲 03 賰賱睾
00002|賱賳丿賵賷 丕胤賱爻 5 賰賱睾
00003|賱賳丿賵賷 賱賵噩賷 25.. 900賰賱睾
00004|廿鬲乇賷 亘賱丕爻鬲 丕 賵賳賷丞 30賰賱睾
00005|賱賳丿賵賷 乇丕 丕 5賰賱睾
00006|賱賳丿賵賷 乇丕 丕 1 賰賱睾
00007|賱賵噩賷 賱丕賰 1賰賱睾 丕氐賮乇
00008|賱賳丿賵賷 賰賵賱丿 賮丕賰賵亘 25賰賱睾
00009|賱賳丿賵賷 賰賵賱丿 賮丕賰賵亘 1賰賱睾
00010|賱賳丿賵賷 賰賵賱丿 賮丕賰賵亘 5賰賱睾
00011|賱賳丿賵賷 爻胤賵亘 丕爻鬲乇丕賱 1賰賱睾
00012|賱賵噩賷 賱丕賰 1賰賱睾 夭乇賯 賮鬲賵丨
00013|賱賵噩賷 賱丕賰 1賰賱睾 禺囟乇 睾賱賵賯
00014|賱賳丿賵賷 爻胤賵亘 丕胤賱爻 5賰賱睾
00015|賱賳丿賵賷 亘賱賵賳 丿 亘賱賵賳 丕胤賱爻 25賰賱睾
00016|賱賳丿賵賷 亘賱賵賳 丿 亘賱賵賳 丕胤賱爻 5賰賱睾
00017|賱賳丿賵賷 賮氐丕丿 兀胤賱爻 25賰賱睾
00018|賱賳丿賵賷 賮氐丕丿 賰賵賱賵乇丕丿賵 25賰賱睾
00019|賱賳丿賵賷 賮氐丕丿 賰賵賱賵乇丕丿賵 5賰賱睾
00020|賱賳丿賵賷 睾亘乇丞 賰賵賱賵乇丕丿賵 25賰賱睾
00021|廿鬲乇賷 亘賱丕爻鬲 03 賰賱睾
00022|廿鬲乇賷 亘賱丕爻鬲 10賰賱睾
00023|廿鬲乇賷 亘賱丕爻鬲 10賰賱睾
00024|廿鬲乇賷 亘賱丕爻鬲 丕 賵賳賷丞 30賰賱睾
00025|廿鬲乇賷 亘賱丕爻鬲 1賰賱睾
00026|賰丕亘賷鬲丕賱 賮賷賳賷賱 5賰賱睾Optima
00027|賱賷丿乇 亘賱丕爻鬲 10賰賱睾
00028|賱賵噩賷 賱丕賰 5賰賱睾 亘賷囟
00029|賱賵噩賷 賱丕賰 1賰賱睾 丕禺囟乇
00030|賱賵噩賷 亘賱丕爻鬲 10賰賱睾
00031|賱賵噩賷 賱丕賰 1賰賱睾 亘爻胤丕卮
00032|賱賵噩賷 賱丕賰 5賰賱睾 兀爻賵丿
00033|賱賵噩賷 賱丕賰 5賰賱睾 丕丨 乇
00034|賱賵噩賷 賱丕賰 5賰賱睾 禺囟乇 睾賱賵賯
00035|賱賵噩賷 賱丕賰 1賰賱睾 亘賷囟
00036|賱賵噩賷 賱丕賰 5賰賱睾 賰乇賷
00037|賱賵噩賷 賱丕賰 丕爻賵丿 1賰賱睾
00038|賱賵噩賷 賱丕賰 1賰賱睾 賰乇賷 睾賱賵賯
00039|賱賵噩賷 賱丕賰 1賰賱睾 亘賷囟
00040|鬲丕賳鬲 丕亍 丕胤賱爻 丕丨 乇
00041|賱賵噩賷 賱丕賰 5賰賱睾 兀爻賵丿
00042|賰丕亘賷鬲丕賱 賮賷賳賷賱 30賰賱睾Optm
00043|賱賳丿賵賷 睾亘乇丞 丕胤賱爻 25賰賱睾
00044|賱賳丿賵賷 毓噩賵賳 賰賵賱賵乇丕丿賵 88.. 25賰賱睾
00045|賰丕亘賷鬲丕賱 賮賷賳賷賱 5賰賱睾Optima
00046|鬲丕賳鬲 丕亍 丕胤賱爻 乇賵噩 乇丕賰卮
00047|賱賵噩賷 賱丕賰 5賰賱睾 丕丨 乇
00048|賱賵噩賷 賱丕賰 1賰賱睾 丕丨 乇
00049|賱賵噩賷 賱丕賰 1賰賱睾 丕氐賮乇
00050|賱賵噩賷 賱丕賰 5賰賱睾 丕氐賮乇
00051|賱賵噩賷 賱丕賰 1賰賱睾 丕禺囟乇
00052|賱賵噩賷 賱丕賰 5賰賱睾 丕禺囟乇
00053|賱賵噩賷 賱丕賰 1賰賱睾 亘爻胤丕卮
00054|賱賵噩賷 賱丕賰 1賰賱睾 夭乇賯 賮鬲賵丨
00055|賱賵噩賷 賱丕賰 1賰賱睾 禺囟乇 睾賱賵賯
00056|賱賵噩賷 賱丕賰 5賰賱睾 禺囟乇 睾賱賵賯
00057|賱賵噩賷 賱丕賰 1賰賱睾 賰乇賷
00058|賱賵噩賷 賱丕賰 5賰賱睾 賰乇賷
00059|賱賵噩賷 賱丕賰 5賰賱睾 賰乇賷 睾賱賵賯
00060|賰賵賱賵賮賱賰爻 兀亘鬲 丕 1賰賱睾 亘賷囟
00061|賱賵噩賷 賱丕賰 1賰賱睾 丕乇賵賳
00062|賱賵噩賷 賱丕賰 5賰賱睾 丕乇賵賳
00063|賰賵賱賵 賮賷賳賷賱 009.. 30賰睾I
00064|賱賵噩賷 賱丕賰 5賰賱睾 丕夭乇賯
00065|賱賵噩賷 賱丕賰 5賰賱睾 卮 賵丕
00066|賱賵噩賷 賱丕賰 1賰賱睾 卮 賵丕
00067|爻賳賮賵賳賷丞 乇丕 丕 2.5賰賱睾
00068|爻 丕乇丕 毓丕丿賷丞 乇丕 丕 5賰賱睾
00069|爻 丕乇丕 毓丕丿賷丞 乇丕 丕 20賰賱睾
00070|爻鬲賷賰賵 兀爻鬲乇丕賱 亘賷丕賳賰賵 25賰賱睾
00071|爻鬲賷賰賵 兀爻鬲乇丕賱 亘賷丕賳賰賵 5賰賱睾
00072|賱賵噩賷 賱丕賰 2/1 賰乇賷
00073|賱賵噩賷 賱丕賰 2/1 卮 賵丕
00074|賱賵噩賷 賱丕賰 2/1 丕夭乇賯
00075|鬲丕賳鬲 丕亍 乇丕 丕 兀爻賵丿
00076|鬲丕賳鬲 丕亍 丕胤賱爻 丕丨 乇
00077|鬲丕賳鬲 丕亍 乇丕 丕 亘爻胤丕卮
00078|鬲丕賳鬲 丕亍 丕胤賱爻 乇賵噩 乇丕賰卮
00079|鬲丕賳鬲 丕亍 乇丕 丕 兀乇賵賳噩
00080|鬲丕賳鬲 丕亍 丕胤賱爻 丕夭乇賯
00081|鬲丕賳鬲 丕亍 乇丕 丕 兀氐賮乇
00082|鬲丕賳鬲 丕亍 乇丕 丕 兀夭乇賯
00083|鬲丕賳鬲 夭賷鬲 丨 乇
00084|鬲丕賳鬲 夭賷鬲 亘爻胤丕卮
00085|賰賵賱賵賮賱賰爻 20賰賱睾 乇賵噩 乇丕賰卮 賰賵賱賵乇丕丿賵
00086|賰賵賱賵賮賱賰爻 20賰賱睾 丕 賵賳賷丞 賰賵賱賵乇丕丿賵
00087|賰賵賱賵賮賱賰爻 20賰賱睾 賰乇賷 賰賵賱賵乇丕丿賵
00088|兀爻胤乇丕賮賱賰爻 02 乇賵噩 乇丕賰卮
00089|兀爻胤乇丕賮賱賰爻 02 亘賷囟
00090|兀爻胤乇丕賮賱賰爻 02 丕 賵賳賷丞
00091|賰賵賱賵賮賱賰爻 兀亘鬲 丕 1賰賱睾 兀丨 乇
00092|鬲丕賳鬲 丕亍 乇丕 丕 兀爻賵丿
00093|鬲丕賳鬲 丕亍 1賱鬲乇 兀丨 乇
00094|鬲丕賳鬲 丕亍 乇丕 丕 亘爻胤丕卮
00095|鬲丕賳鬲 丕亍 1賱鬲乇 乇賵噩 乇丕賰卮
00096|鬲丕賳鬲 丕亍 乇丕 丕 兀乇賵賳噩
00097|丕亍 乇丕 丕 乇賵噩 乇丕賰卮
00098|鬲丕賳鬲 丕亍 乇丕 丕 兀氐賮乇
00099|丿賵賱賷賵 乇丕 丕 5.4 賱鬲乇
00100|賰賵賱賵賮賱賰爻 5賰賱睾 丕 賵賳賷丞 賰賵賱賵乇丕丿賵
00101|賰賵賱賵賮賱賰爻 20賰賱睾 亘賷囟 賰賵賱賵乇丕丿賵
00102|廿賷氐丕賳氐 兀賵亘鬲賷 丕 4/3 賱鬲乇
00103|鬲丕賳鬲 丕亍 1賱鬲乇 兀丨 乇
00104|廿賷氐丕賳氐 兀賵亘鬲賷 丕 4.5賱鬲乇
00105|鬲丕賳鬲 丕亍 1賱鬲乇 乇賵噩 乇丕賰卮
00106|丿賵賱賷賵 兀亘鬲賷 丕 4/3賱鬲乇
00107|丿賵賱賷賵 兀亘鬲賷 丕 1 賱鬲乇
00108|丿賵賱賷賵 兀亘鬲賷 丕 5.4 賱鬲乇
00109|廿賷氐丕賳氐 兀賵亘鬲賷 丕 4/3 賱鬲乇
00110|廿賷氐丕賳氐 兀賵亘鬲賷 丕 1賱鬲乇
00111|廿賷氐丕賳氐 兀賵亘鬲賷 丕 4.5賱鬲乇
00112|賱賷丿乇 賮賱賰爻 20賰賱睾 乇賵噩 乇丕賰卮
00113|賱賷丿乇 賮賱賰爻 20賰賱睾 丕 賵賳賷丞
00114|丿賵賱賷賵 兀亘鬲賷 丕 1 賱鬲乇
00115|賰賵賱賵賮賱賰爻 5賰賱睾 亘賷囟 賰賵賱賵乇丕丿賵
00116|賰賵賱賵賮賱賰爻 5賰賱睾 乇賵噩 乇丕賰卮 賰賵賱賵乇丕丿賵
00117|賱賷丿乇 賮賱賰爻 5賰賱睾 丕 賵賳賷丞
00118|賱賷丿乇 賮賱賰爻 5賰賱睾 亘賷囟
00119|賱賷丿乇 賮賱賰爻 5賰賱睾 丨 乇
00120|賱賷丿乇 賮賱賰爻 20賰賱睾 乇賵噩 乇丕賰卮
00121|賱賷丿乇 賮賱賰爻 20賰賱睾 丕 賵賳賷丞
00122|廿鬲乇賷 賱丕賰 5賰賱睾 兀爻賵丿
00123|賰賵賱賵賮賱賰爻 5賰賱睾 亘賷囟 賰賵賱賵乇丕丿賵
00124|賰賵賱賵賮賱賰爻 5賰賱睾 乇賵噩 乇丕賰卮 賰賵賱賵乇丕丿賵
00125|賰賵賱賵賮賱賰爻 5賰賱睾 丕 賵賳賷丞 賰賵賱賵乇丕丿賵
00126|賰賵賱賵賮賱賰爻 20賰賱睾 亘賷囟 賰賵賱賵乇丕丿賵
00127|賰賵賱賵賮賱賰爻 20賰賱睾 乇賵噩 乇丕賰卮 賰賵賱賵乇丕丿賵
00128|賰賵賱賵賮賱賰爻 20賰賱睾 丕 賵賳賷丞 賰賵賱賵乇丕丿賵
00129|賰賵賱賵賮賱賰爻 20賰賱睾 賰乇賷 賰賵賱賵乇丕丿賵
00130|兀爻胤乇丕賮賱賰爻 02 乇賵噩 乇丕賰卮
00131|爻 丕乇丕 亘賷丕賳賰賵 乇丕 丕 5賰賱睾
00132|爻 丕乇丕 亘賷丕賳賰賵 乇丕 丕 20賰賱睾
00133|賰賵賱賵賮賱賰爻 兀亘鬲 丕 1賰賱睾 兀丨 乇
00134|賰賵賱賵賮賱賰爻 兀亘鬲 丕 1賰賱睾 亘賷囟
00135|廿鬲乇賷 賱丕賰 1賰賱睾 亘賷囟
00136|廿鬲乇賷 賱丕賰 1賰賱睾 賰乇賷
00137|爻賳賮賵賳賷丞 乇丕 丕 10賰賱睾
00138|爻鬲賷賱丕 5,2賰賱睾 賰賵賱賵乇丕丿賵
00139|廿鬲乇賷 賱丕賰 1賰賱睾 丕乇賵賳
00140|廿鬲乇賷 賱丕賰 5賰賱睾 亘賷囟
00141|廿鬲乇賷 賱丕賰 5賰賱睾 兀爻賵丿
00142|廿鬲乇賷 賱丕賰 5賰賱睾 賰乇賷
00143|毓乇亘賷丞 亘賷丕賳賰賵 兀乇賰賵賱 20賰賱睾
00144|廿鬲乇賷 賱丕賰 15賰賱睾
00145|廿鬲乇賷 賱丕賰 20賰賱睾
00146|禺賷丕賱 兀胤賱爻 20賰賱睾
00147|卮匕賶 賮丕賱丿賷 20賰賱睾
00148|爻鬲賷賱丕 5,2賰賱睾 賰賵賱賵乇丕丿賵
00149|爻賰賵鬲卮 丕爻 丕賰賵 氐亘丕睾丞5cm
00150|賮賷乇賵夭 5.2 賰賱睾
00151|賮賷乇賵夭 20賰賱睾
00152|毓乇亘賷丞 亘賷丕賳賰賵 兀乇賰賵賱 5賰賱睾
00153|毓乇亘賷丞 亘賷丕賳賰賵 兀乇賰賵賱 20賰賱睾
00154|丿賵賱賷賵 賰丕亘賷鬲丕賱 1 賱鬲乇
00155|丿賵賱賷賵 賰丕亘賷鬲丕賱 4/3 賱鬲乇
00156|毓賳亘乇丞 亘賷丕賳賰賵 賰賵賱賵乇丕丿賵 5賰賱睾
00157|毓賳亘乇丞 亘賷丕賳賰賵 賰賵賱賵乇丕丿賵 25賰賱睾
00158|爻賳賮賵賳賷丞 乇丕 丕 10賰賱睾
00159|爻賳賮賵賳賷丞 乇丕 丕 20賰賱睾
00160|爻賵賱賵夭賷賰 賳賵丕乇 丕胤 5賰賱睾 丕胤賱爻
00161|爻賵賱賵夭賷賰 賳賵丕乇 丿賷丕 賵 5賰賱睾 丕胤賱爻
00162|爻賵賱賵夭賷賰 丕賱賷 賳賷賵 5賰賱睾 丕胤賱爻
00163|賱賷丿乇 丕胤 02 賰睾 丕胤賱爻
00164|賱賷丿乇 賱丕賰 02 賰睾
00165|爻賵賱賵夭賷賰 亘賷囟 200睾 丕胤賱爻
00166|爻賵賱賵夭賷賰 亘賷囟 5賰賱睾 丕胤賱爻
00167|爻賵賱賵夭賷賰 亘賷囟 1賰賱睾 乇丕 丕
00168|賰賵賱賵 賮賷賳賷賱 009.. 30賰睾I
00169|賮賷賳賷賱 丕爻鬲乇丕賱 30賰賱睾I
00170|爻賵賱賵夭賷賰 賳賵丕乇 丕胤 1賰賱睾 乇丕 丕
00171|賰賵賱丞 賰乇賷賮賷 乇丕 丕 1賰賱睾RAMA
00172|賰賵賱丞 賰乇賷賮賷 乇丕 丕 4賰賱睾RAMA
00173|爻賵賱賵夭賷賰 亘賷囟 5賰賱睾 丕胤賱爻
00174|爻賵賱賵夭賷賰 亘賷囟 1賰賱睾 乇丕 丕
00175|爻賵賱賵夭賷賰 賳賵丕乇 丕胤 1賰賱睾 乇丕 丕
00176|賰賵賱丞 賰乇賷賮賷 乇丕 丕 30賰賱睾RAMA
00177|毓賳亘乇丞 毓丕丿賷丞 賰賵賱賵乇丕丿賵 5賰賱睾
00178|賰賵賱丞 賰乇賷賮賷 兀亘鬲賷 丕 1賰賱睾Optima
00179|賰賵賱丞 賰乇賷賮賷 兀亘鬲賷 丕 4賰賱睾Optima
00180|賱賳丿賵賷 丕胤賱爻 5 賰賱睾
00181|賰賵賱丞 賰乇賷賮賷 兀亘鬲賷 丕 30賰賱睾Optima
00182|爻賰賵鬲卮 賱賵 亘賱丕噩 賷丕乇賰賵90m
00183|爻賰賵鬲卮 氐亘丕睾丞 賷丕乇賰賵5cm
00184|爻賵賱賵夭賷賰 賳賵丕乇 丿賷丕 賵 200睾 丕胤賱爻
00185|爻賵賱賵夭賷賰 賳賵丕乇 丕胤 200睾 丕胤賱爻
00186|爻賵賱賵夭賷賰 兀賱賷 賳賷賵 200睾 丕胤賱爻
00187|賮賷乇賵夭 亘賷丕賳賰賵 20賰賱睾
00188|毓賳亘乇丞 毓丕丿賷丞 賰賵賱賵乇丕丿賵 5賰賱睾
00189|毓賳亘乇丞 毓丕丿賷丞 賰賵賱賵乇丕丿賵 25賰賱睾
00190|爻賳賮賵賳賷丞 乇丕 丕 2.5賰賱睾
00191|爻 丕乇丕 毓丕丿賷丞 乇丕 丕 5賰賱睾
00192|爻 丕乇丕 毓丕丿賷丞 乇丕 丕 20賰賱睾
00193|爻鬲賷賰賵 兀爻鬲乇丕賱 亘賷丕賳賰賵 25賰賱睾
00194|爻鬲賷賰賵 兀爻鬲乇丕賱 亘賷丕賳賰賵 5賰賱睾
00195|賱賳丿賵賷 夭賱賷噩 丕乇賰賵賱 5賰賱睾
00196|廿夭 賷乇 20賰賱睾
00197|賱賳丿賵賷 賮賱賰爻 乇胤賵亘丞 賰賵賱賵乇丕丿賵 5賰賱睾
00198|賱賳丿賵賷 睾亘乇丞 丕乇賰賵賱 25賰賱睾
00199|賱賳丿賵賷 睾亘乇丞 賰賵賱賵乇丕丿賵 5賰賱睾
00200|鬲丕賳鬲 丕亍 丕胤賱爻 賵賮
00201|鬲丕賳鬲 丕亍 丕胤賱爻 丕乇賵賳噩
00202|賮乇賳賷 禺賷丕賱 兀賳賰賱賵乇 1賰賱睾
00203|賮乇賳賷 禺賷丕賱 賷鬲丕賱 爻賷賱賮乇 1賰賱睾
00204|兀爻 賷賰丕 20賰賱睾Optm
00205|丿賷賰賵乇 毓丕丿賷 20賰賱睾Optima
00206|丿賷賰賵乇 毓丕丿賷 20賰賱睾Optima
00207|爻賷乇丕噩 賮丕賰賵亘 1賰賱睾
00208|爻賷乇丕噩 賮丕賰賵亘 3賰賱睾
00209|丿賷賰賵乇 賮賱賵乇賷丿丕 20賰賱睾Fly100 ..
00210|丿賷賰賵乇 賮賱賵乇賷丿丕 20賰賱睾Fly100 ..
00211|廿氐丕賳氐 兀胤賱爻 5賱鬲乇
00212|爻賰賵鬲卮 胤賵賱賷 兀賱賵丕賳24mm
00213|丿賵賱賷賵 賱賵噩賷 5,4賱鬲乇
00214|賱賵噩賷 亘賱丕爻鬲 45賰賱睾I
00215|賰賵賱丞 亘賳賵賱賷鬲 30賰賱睾
00216|賰賵賱丞 賰乇賷賮賷 乇丕 丕 1賰賱睾RAMA
00217|賰賵賱丞 賰乇賷賮賷 乇丕 丕 4賰賱睾RAMA
00218|賰賵賱丞 賰乇賷賮賷 乇丕 丕 30賰賱睾RAMA
00219|賰賵賱丞 賰乇賷賮賷 兀亘鬲賷 丕 1賰賱睾Optima
00220|賰賵賱丞 賰乇賷賮賷 兀亘鬲賷 丕 4賰賱睾Optima
00221|賰賵賱丞 賰乇賷賮賷 兀亘鬲賷 丕 30賰賱睾Optima
00222|賱賳丿賵賷 丕胤賱爻 1賰賱睾
00223|賱賳丿賵賷 爻胤賵亘 丕爻鬲乇丕賱 25賰賱睾
00224|亘乇賷 丕 亘賱丕爻鬲 30賰賱睾I
00225|賱賳丿賵賷 賮賱賵乇賷丿丕25賰賱睾EXPERT
00226|賱賳丿賵賷 毓噩賵賳 丕乇賰賵賱 25賰賱睾
00227|賱賳丿賵賷 噩賵丿賰賵賱賵乇 25賰賱睾
00228|賱賳丿賵賷 乇胤賵亘丞 丕乇賰賵賱 5賰賱睾
00229|賱賳丿賵賷 夭賱賷噩 丕乇賰賵賱 5賰賱睾
00230|賱賳丿賵賷 夭賱賷噩 丕胤賱爻 5賰賱睾
00231|賱賳丿賵賷 賮賱賰爻 乇胤賵亘丞 賰賵賱賵乇丕丿賵 5賰賱睾
00232|爻賰賵鬲卮 賱賵 亘賱丕噩 賷丕乇賰賵45m
00233|爻賰賵鬲卮 賱賵 亘賱丕噩 賷丕乇賰賵90m
00234|賰賵丕鬲卮賵 乇丕 丕005 乇賵噩 乇丕賰卮. 5賰賱睾
00235|爻賵賱賵夭賷賰 賳賵丕乇 丕胤 200睾 乇丕 丕
00236|爻賵賱賵夭賷賰 賳賵丕乇 丿賷丕 賵 200睾 乇丕 丕
00237|賱賳丿賵賷 睾亘乇丞 丕乇賰賵賱 25賰賱睾
00238|賱賳丿賵賷 睾亘乇丞 賰賵賱賵乇丕丿賵 5賰賱睾
00239|賱賵噩賷 亘賱丕爻鬲 45賰賱睾I
00240|賰賵丕鬲卮賵 噩賷鬲 廿賷賰賵 1賰賱睾
00241|賰丕亘賷鬲丕賱 賮賷賳賷賱 45賰賱睾Optima
00242|賰賵丕鬲卮賵 乇丕 丕 005.. 45賰賱睾
00243|賰賵丕鬲卮賵 乇丕 丕10 ..500賰賱睾
00244|賰丕亘賱丕爻鬲. 10賰賱睾
00245|亘乇賷 丕 亘賱丕爻鬲 5賰賱睾I
00246|賰賵丕鬲卮賵 乇丕 丕5 ..500賰賱睾
00247|丕005 丕 賵賳賷丞. 5賰賱睾
00248|賰賵丕鬲卮賵 乇丕 丕005 乇賵噩 乇丕賰卮. 5賰賱睾
00249|爻賵賱賵夭賷賰 賳賵丕乇 丿賷丕 賵 1賰賱睾 乇丕 丕
00250|丕005 丕 賵賳賷丞 10賰賱睾
00251|亘賷噩 卮 亘賵丕賳 1賰賱睾 乇丕 丕
00252|爻賵賱賵夭賷賰 亘賷囟 1賰賱睾 丕胤賱爻
00253|賰丕亘賷鬲丕賱 賮賷賳賷賱 10賰賱睾
00254|鬲丕賳鬲 丕亍 1賱鬲乇 亘爻胤丕卮
00255|鬲丕賳鬲 丕亍 1賱鬲乇 兀乇賵賳噩
00256|爻賵賱賵夭賷賰 亘賷囟 200睾 乇丕 丕
00257|賱賳丿賵賷 賱賵噩賷 25.. 900賰賱睾
00258|賰賵丕鬲卮賵 噩賷鬲 廿賷賰賵 1賰賱睾
00259|賰賵丕鬲卮賵 乇丕 丕30 500賰賱睾
00260|亘乇賷 丕 亘賱丕爻鬲 30賰賱睾I
00261|卮毓丕毓 賰乇賵 賷 100睾
00262|卮毓丕毓 匕賴亘賷 100睾
00263|賱丕亘乇賷 亘賷囟 丕胤賱爻 1賰賱睾
00264|賱丕亘乇賷 賰乇賷 丕胤賱爻 1賰賱睾
00265|賱丕亘乇賷 亘賷囟 丕胤賱爻 5賰賱睾
00266|賱丕亘乇賷 亘賷囟 丕胤賱爻 2/1賰賱睾
00267|鬲丕賳鬲 丕亍 丕胤賱爻 賵賮
00268|賮乇賳賷 禺賷丕賱 兀賳賰賱賵乇 1賰賱睾
00269|賮乇賳賷 禺賷丕賱 賷鬲丕賱 爻賷賱賮乇 1賰賱睾
00270|爻賵賱賵夭賷賰 賳賵丕乇 丕胤 1賰賱睾 丕胤賱爻
00271|爻賵賱賵夭賷賰 賳賵丕乇 丿賷丕 賵 1賰賱睾 丕胤賱爻
00272|爻賵賱賵夭賷賰 兀賱賷 賳賷賵 1賰賱睾 丕胤賱爻
00273|爻賵賱賵夭賷賰 賳賵丕乇 丿賷丕 賵 1賰賱睾 乇丕 丕
00274|賱賳丿賵賷 乇丕 丕 1 賰賱睾
00275|亘賷噩 卮 亘賵丕賳 1賰賱睾 乇丕 丕
00276|賱賳丿賵賷 賰賵賱丿 賮丕賰賵亘 25賰賱睾
00277|爻賵賱賵夭賷賰 賳賵丕乇 丕胤 1賰賱睾 丕胤賱爻
00278|爻賵賱賵夭賷賰 賳賵丕乇 丿賷丕 賵 1賰賱睾 丕胤賱爻
00279|爻賵賱賵夭賷賰 兀賱賷 賳賷賵 1賰賱睾 丕胤賱爻
00280|爻賵賱賵夭賷賰 亘賷囟 200睾 乇丕 丕
00281|爻賵賱賵夭賷賰 賳賵丕乇 丕胤 200睾 乇丕 丕
00282|爻賵賱賵夭賷賰 賳賵丕乇 丿賷丕 賵 200睾 乇丕 丕
00283|賳賷賵 200睾 乇丕 丕
00284|爻賵賱賵夭賷賰 賳賵丕乇 丕胤 5賰賱睾 丕胤賱爻
00285|爻賵賱賵夭賷賰 賳賵丕乇 丿賷丕 賵 5賰賱睾 丕胤賱爻
00286|爻賵賱賵夭賷賰 丕賱賷 賳賷賵 5賰賱睾 丕胤賱爻
00287|賱賳丿賵賷 賮氐丕丿 賰賵賱賵乇丕丿賵 5賰賱睾
00288|爻賵賱賵夭賷賰 賳賵丕乇 丕胤 200睾 丕胤賱爻
00289|爻賵賱賵夭賷賰 賳賵丕乇 丿賷丕 賵 200睾 丕胤賱爻
00290|賱賳丿賵賷 毓噩賵賳 賰賵賱賵乇丕丿賵 88.. 25賰賱睾
00291|賱賵噩賷 賱丕賰 5賰賱睾 卮 賵丕
00292|賱賵噩賷 賱丕賰 1賰賱睾 卮 賵丕
00293|賱賵噩賷 賱丕賰 2/1 亘賷囟
00294|賱賵噩賷 賱丕賰 2/1 丕爻賵丿
00295|賱賵噩賷 賱丕賰 2/1 丕丨 乇
00296|賱賵噩賷 賱丕賰 2/1 丕禺囟乇
00297|賱丕亘乇賷 亘賷囟 丕胤賱爻 1賰賱睾
00298|賱丕亘乇賷 賰乇賷 丕胤賱爻 1賰賱睾
00299|賱賵噩賷 賱丕賰 2/1 卮 賵丕
00300|賱丕亘乇賷 亘賷囟 丕胤賱爻 2/1賰賱睾
00301|賱丕亘乇賷 賰乇賷 丕胤賱爻 2/1賰賱睾
00302|賱丕亘乇賷 賰乇賷 丕胤賱爻 5賰賱睾
00303|卮毓丕毓 賰乇賵 賷 250睾
00304|賵噩 兀爻鬲乇丕賱 2.5賰賱睾
00305|賱賳丿賵賷 爻胤賵亘 丕爻鬲乇丕賱 1賰賱睾
00306|賱賳丿賵賷 爻胤賵亘 丕爻鬲乇丕賱 5賰賱睾
00307|亘乇賷 丕胤賱爻 1賰賱睾
00308|賱賳丿賵賷 爻胤賵亘 丕胤賱爻 5賰賱睾
00309|亘乇賷 丕胤賱爻 5賰賱睾
00310|賱賳丿賵賷 亘賱賵賳 丿 亘賱賵賳 丕胤賱爻 5賰賱睾
00311|賱賳丿賵賷 賮氐丕丿 兀胤賱爻 25賰賱睾
00312|賱賳丿賵賷 亘賱賵賳 丿 亘賱賵賳 丕胤賱爻 25賰賱睾
